Title,Rating,Price
The Indian Garage Co,4,? 608
H&M,4.3,? 799
Marks & Spencer,4.3,? 999
THE BEAR HOUSE,4.3,"? 1,949"
H&M,4.4,"? 1,049"
H&M,4.4,"? 1,499"
SHOWOFF,4.4,"? 1,486"
Marks & Spencer,4.7,"? 1,249"
H&M,4.2,"? 1,499"
Marks & Spencer,5,"? 1,199"
H&M,4.4,"? 1,499"
The Indian Garage Co,3.8,? 739
Roadster,4.1,"? 1,149"
Roadster,4.1,"? 1,149"
Roadster,3.8,? 811
RARE RABBIT,4.8,"? 2,974"
Celio,4.6,"? 2,299"
H&M,4.4,"? 1,499"
SHOWOFF,None,"? 1,564"
Jack & Jones,4.1,"? 1,035"
Roadster,4.2,? 659
FCUK,4.4,? 895
Levis,4.3,"? 1,124"
Red Tape,4.1,"? 1,259"
SHOWOFF,None,"? 1,980"
Allen Solly,3.7,"? 1,234"
Kook N Keech Marvel,4,? 989
Voi Jeans,4.1,? 799
The Indian Garage Co,4.3,? 619
H&M,4.1,"? 1,399"
Roadster,4.1,"? 1,158"
